frame_id,e2e_ms
1,60.237
2,54.901
3,54.566
4,54.500
5,54.781
6,54.005
7,54.178
8,54.247
9,52.243
10,54.651
11,54.311
12,53.970
13,52.585
14,54.300
15,54.244
16,52.394
17,52.404
18,52.205
19,54.182
20,54.105
21,54.264
22,54.218
23,54.135
24,53.892
25,52.625
26,52.379
27,52.352
28,52.265
29,52.372
30,52.304
31,52.511
32,53.772
33,53.858
34,53.760
35,53.897
36,54.381
37,52.392
38,52.205
39,52.198
40,54.020
41,52.588
42,52.293
43,52.499
44,53.991
45,54.383
46,55.043
47,54.072
48,52.266
49,52.360
50,52.337
51,52.331
52,52.281
53,52.557
54,53.485
55,52.297
56,54.059
57,53.949
58,54.283
59,54.329
60,55.226
61,53.453
62,53.870
63,53.865
64,54.071
65,54.097
66,53.981
67,52.365
68,52.268
69,52.268
70,52.457
71,52.273
72,52.172
73,52.508
74,53.782
75,54.127
76,54.121
77,54.052
78,52.215
79,52.360
80,52.243
81,52.339
82,52.244
83,52.355
84,52.513
85,52.607
86,54.005
87,53.800
88,53.918
89,54.182
90,54.568
91,54.238
92,85.335
93,52.837
94,54.341
95,54.417
96,53.867
97,53.960
98,53.962
99,54.443
100,53.653
101,52.279
102,52.248
103,52.190
104,52.287
105,53.944
106,53.873
107,54.180
108,52.349
109,53.874
110,53.188
111,54.058
112,52.421
113,52.280
114,54.047
115,53.841
116,52.307
117,52.393
118,53.726
119,54.467
120,54.470
121,54.192
122,54.183
123,54.160
124,54.696
125,54.383
126,54.209
127,54.520
128,54.261
129,52.379
130,52.880
131,52.363
132,53.312
133,54.364
134,54.347
135,54.380
136,54.749
137,54.073
138,53.212
139,54.130
140,53.674
141,53.960
142,54.503
143,54.140
144,53.960
145,54.193
146,54.028
147,54.067
148,54.722
149,54.009
150,53.794
151,54.374
152,54.024
153,52.182
154,52.363
155,52.230
156,52.129
157,53.714
158,53.760
159,54.003
160,53.776
161,53.965
162,53.990
163,52.224
164,53.940
165,54.118
166,53.902
167,53.857
168,53.853
169,53.950
170,54.277
171,53.665
172,53.983
173,54.681
174,52.349
175,52.356
176,52.402
177,52.326
178,52.296
179,52.524
180,53.036
181,52.323
182,52.482
183,52.427
184,54.180
185,54.012
186,54.180
187,53.950
188,54.329
189,53.985
190,54.435
191,53.695
192,53.954
193,54.236
194,54.231
195,53.691
196,54.262
197,53.703
198,54.337
199,54.644
200,54.197
201,54.473
202,54.614
203,53.744
204,53.828
205,54.485
206,54.242
207,54.177
208,54.546
209,54.168
210,54.083
211,54.424
212,54.167
213,54.182
214,55.863
215,54.737
216,53.729
217,54.001
218,53.824
219,53.540
220,53.779
221,53.731
222,53.832
223,52.494
224,53.916
225,54.178
226,54.200
227,54.356
228,53.705
229,53.760
230,54.014
231,53.958
232,54.326
233,54.092
234,54.084
235,54.415
236,54.394
237,53.428
238,53.578
239,54.329
240,53.861
241,53.891
242,54.507
243,54.452
244,54.546
245,54.268
246,54.105
247,54.179
248,54.512
249,54.087
250,54.250
251,54.077
252,53.621
253,52.335
254,54.246
255,54.017
256,54.387
257,53.988
258,52.923
259,54.461
260,54.339
261,54.274
262,54.406
263,52.435
264,52.608
265,53.398
266,52.562
267,52.690
268,54.610
269,54.608
270,55.205
271,55.250
272,55.128
273,54.568
274,54.333
275,52.365
276,52.485
277,53.294
278,52.417
279,52.475
280,52.368
281,52.412
282,52.348
283,52.321
284,52.350
285,53.330
286,54.253
287,54.142
288,52.267
289,54.268
290,53.680
291,54.136
292,53.672
293,52.317
294,52.929
295,52.301
296,52.408
297,52.495
298,52.465
299,53.072
300,53.918
301,55.203
302,53.958
303,54.048
304,52.571
305,52.221
306,52.291
307,52.383
308,52.328
309,52.329
310,52.242
311,52.612
312,52.581
313,52.358
314,52.330
315,52.439
316,52.578
317,52.320
318,52.288
319,52.257
320,52.303
321,52.301
322,52.863
323,52.536
324,52.334
325,52.297
326,52.321
327,52.815
328,52.522
329,52.485
330,52.595
331,52.221
332,52.328
333,52.303
334,52.602
335,52.308
336,52.736
337,52.415
338,53.193
339,52.531
340,52.500
341,52.312
342,52.529
343,52.240
344,52.275
345,52.560
346,54.588
347,54.055
348,52.477
349,54.318
350,54.005
351,53.790
352,54.518
353,53.815
354,54.126
355,54.380
356,53.846
357,54.263
358,54.329
359,52.946
360,54.182
361,53.958
362,53.884
363,54.062
364,54.158
365,53.819
366,54.011
367,54.175
368,54.150
369,54.064
370,54.405
371,54.184
372,52.304
373,52.431
374,52.298
375,53.192
376,53.896
377,53.850
378,52.499
379,53.819
380,53.922
381,54.326
382,54.129
383,54.245
384,54.145
385,54.348
386,52.212
387,54.203
388,53.913
389,53.465
390,54.234
391,54.252
392,54.294
393,54.121
394,53.861
395,53.928
396,54.009
397,54.675
398,53.889
399,54.058
400,54.099
401,54.298
402,53.987
403,52.304
404,53.703
405,54.124
406,54.234
407,54.466
408,52.359
409,52.860
410,53.936
411,53.035
412,52.292
413,52.544
414,52.384
415,52.270
416,54.143
417,53.970
418,54.699
419,53.395
420,52.258
421,52.350
422,52.257
423,52.509
424,52.628
425,52.249
426,52.203
427,52.483
428,52.323
429,52.457
430,52.353
431,52.466
432,52.694
433,52.336
434,52.762
435,56.450
436,52.395
437,52.335
438,52.451
439,52.412
440,52.301
441,52.265
442,52.237
443,52.340
444,52.349
445,52.939
446,52.215
447,52.337
448,52.609
449,52.211
450,52.315
451,52.332
452,52.229
453,52.511
454,54.368
455,53.950
456,53.814
457,53.927
458,52.331
459,52.378
460,52.385
461,52.296
462,52.188
463,52.283
464,52.260
465,52.271
466,52.285
467,52.252
468,52.198
469,52.225
470,52.327
471,53.720
472,53.881
473,54.020
474,52.353
475,52.287
476,52.391
477,52.325
478,52.315
479,52.280
480,52.317
481,52.322
482,52.309
483,52.248
484,52.364
485,52.334
486,52.215
487,52.214
488,52.311
489,52.286
490,52.231
491,52.399
492,52.196
493,52.292
494,52.237
495,53.144
496,52.975
497,52.326
498,52.338
499,52.239
500,52.370
501,52.160
502,52.360
503,52.247
504,52.177
505,52.745
506,52.246
507,52.278
508,52.365
509,52.599
510,52.706
511,53.980
512,53.896
513,54.137
514,52.395
515,53.817
516,54.012
517,54.157
518,54.492
519,53.982
520,53.837
521,52.204
522,52.159
523,52.444
524,52.337
525,54.028
526,53.849
527,53.671
528,54.066
529,54.105
530,53.677
531,54.067
532,54.148
533,54.260
534,54.057
535,54.063
536,52.258
537,52.325
538,52.233
539,52.298
540,52.287
541,52.348
542,52.366
543,52.560
544,52.916
545,53.325
546,52.330
547,53.723
548,52.447
549,52.422
550,52.388
551,52.328
552,52.610
553,52.302
554,52.221
555,53.918
556,54.129
557,52.313
558,52.340
559,53.924
560,52.236
561,52.234
562,54.095
563,52.700
564,52.338
565,53.816
566,54.124
567,52.347
568,54.052
569,52.344
570,53.622
571,52.282
572,52.510
573,53.894
574,52.391
575,52.607
576,54.047
577,54.556
578,52.400
579,52.945
580,54.416
581,52.314
582,52.289
583,52.568
584,53.341
585,53.768
586,53.620
587,52.259
588,52.433
589,52.630
590,52.385
591,52.309
592,52.278
593,52.256
594,54.305
595,54.024
596,53.663
597,53.039
598,54.567
599,53.681
600,53.846
601,55.366
602,52.181
603,52.149
604,54.231
605,53.732
606,53.769
607,53.727
608,53.982
609,53.922
610,53.591
611,52.456
612,52.488
613,52.327
614,53.902
615,52.251
616,53.893
617,52.286
618,52.338
619,52.332
620,52.296
621,52.417
622,52.340
623,53.943
624,52.342
625,52.353
626,52.244
627,52.382
628,52.450
629,52.454
630,52.310
631,52.354
632,52.229
633,52.290
634,52.298
635,53.717
636,53.463
637,54.271
638,54.004
639,52.412
640,54.292
641,52.404
642,52.371
643,52.278
644,52.238
645,52.334
646,52.322
647,53.682
648,52.251
649,54.348
650,53.836
651,54.038
652,54.245
653,53.853
654,54.193
655,54.382
656,54.167
657,53.933
658,53.924
659,53.975
660,53.692
661,52.791
662,52.455
663,52.297
664,52.166
665,53.856
666,54.072
667,53.945
668,54.110
669,54.023
670,54.512
671,52.788
672,54.108
673,52.495
674,52.215
675,52.437
676,53.813
677,52.543
678,52.423
679,52.341
680,52.365
681,52.519
682,52.437
683,52.418
684,52.424
685,52.406
686,52.453
687,52.981
688,54.225
689,52.293
690,53.147
691,52.575
692,54.266
693,54.428
694,54.988
695,54.124
696,54.615
697,54.805
698,52.541
699,52.219
700,52.258
701,52.644
702,52.397
703,52.253
704,52.302
705,54.131
706,54.425
707,54.144
708,52.328
709,54.153
710,53.838
711,54.034
712,54.127
713,54.647
714,54.358
715,54.807
716,53.969
717,54.075
718,54.471
719,54.143
720,54.146
721,53.948
722,54.212
723,54.256
724,52.285
725,53.941
726,54.191
727,54.388
728,54.227
729,53.889
730,54.412
731,54.137
732,53.967
733,54.102
734,53.607
735,53.778
736,53.664
737,53.508
738,52.340
739,53.388
740,52.321
741,52.260
742,52.832
743,52.237
744,53.886
745,53.526
746,52.242
747,52.391
748,52.355
749,52.155
750,52.461
751,52.295
752,52.282
753,53.447
754,53.403
755,52.286
756,53.720
757,53.731
758,52.267
759,53.403
760,53.532
761,52.174
762,52.328
763,52.397
764,52.223
765,53.621
766,53.872
767,52.296
768,52.217
769,52.527
770,52.443
771,53.542
772,54.412
773,54.101
774,54.016
775,54.000
776,52.405
777,52.465
778,52.405
779,52.339
780,52.335
781,52.384
782,52.217
783,52.385
784,52.336
785,52.308
786,52.496
787,52.336
788,52.325
789,52.344
790,53.972
791,52.334
792,52.352
793,52.312
794,52.377
795,52.232
796,52.274
797,52.424
798,52.167
799,52.208
800,52.219
801,52.278
802,52.164
803,52.215
804,52.349
805,52.651
806,52.232
807,52.227
808,53.722
809,52.256
810,53.583
811,52.863
812,53.770
813,53.177
814,53.662
815,52.437
816,52.221
817,52.217
818,52.655
819,52.353
820,52.238
821,52.210
822,52.301
823,52.276
824,52.176
825,53.009
826,52.228
827,52.399
828,52.224
829,52.208
830,52.194
831,53.758
832,54.036
833,54.166
834,53.941
835,53.957
836,54.031
837,53.642
838,54.103
839,54.097
840,53.854
841,52.984
842,52.263
843,52.202
844,52.433
845,52.216
846,53.754
847,53.961
848,54.168
849,52.395
850,52.311
851,53.397
852,52.296
853,52.190
854,52.370
855,53.820
856,54.091
857,52.291
858,52.127
859,54.172
860,53.908
861,53.850
862,53.774
863,52.341
864,52.261
865,52.511
866,52.326
867,52.376
868,53.596
869,52.956
870,53.671
871,53.964
872,53.395
873,53.951
874,53.854
875,54.081
876,53.943
877,54.254
878,54.004
879,54.024
880,53.900
881,52.182
882,52.373
883,52.328
884,52.282
885,52.222
886,53.727
887,53.468
888,53.673
889,54.614
890,52.418
891,52.444
892,52.508
893,52.331
894,52.441
895,52.284
896,53.711
897,53.545
898,54.407
899,52.711
900,53.367
901,53.339
902,52.220
903,52.117
904,52.136
905,52.148
906,52.385
907,52.267
908,52.361
909,52.434
910,52.342
911,52.199
912,52.115
913,52.292
914,52.469
915,52.219
916,52.479
917,52.286
918,52.219
919,53.735
920,52.220
921,52.321
922,53.004
923,53.845
924,54.211
925,52.725
926,52.248
927,52.180
928,52.264
929,52.427
930,52.380
931,52.429
932,52.557
933,52.327
934,52.501
935,52.351
936,52.345
937,53.568
938,52.271
939,52.352
940,54.054
941,52.503
942,52.370
943,52.177
944,52.233
945,52.312
946,52.465
947,53.747
948,52.077
949,54.375
950,53.570
951,53.669
952,53.946
953,53.914
954,53.595
955,54.137
956,53.824
957,53.620
958,53.764
959,52.342
960,53.715
961,53.858
962,53.738
963,52.215
964,53.876
965,53.831
966,54.120
967,52.279
968,53.750
969,53.784
970,54.568
971,54.477
