experiment,condition,run_id,metric,count,mean_ms,median_ms,p95_ms,p99_ms,max_ms,receiver_active_fps,sent_frames,decoded_frames,count_gap
lwir-performance,B0,run-01,capture,911,13.295894621295279,11.538,20.9065,25.249899999999997,37.423,30.032258064516128,971,969,2
lwir-performance,B0,run-01,preprocess,911,0.45482546652030736,0.445,0.4835,0.6379,0.81,30.032258064516128,971,969,2
lwir-performance,B0,run-01,streaming_submit,911,0.956649835345774,0.229,4.34,8.1702,12.159,30.032258064516128,971,969,2
lwir-performance,B0,run-01,encoding,911,1633.3889670691547,1641.268,1706.15,1709.9370000000001,1724.146,30.032258064516128,971,969,2
lwir-performance,B0,run-01,e2e,909,1707.5195324532451,1707.982,1717.1314,1727.48392,1746.437,30.032258064516128,971,969,2
lwir-performance,B0,run-02,capture,911,13.012291986827663,11.085,20.9255,23.789399999999993,31.089,30.032258064516128,971,969,2
lwir-performance,B0,run-02,preprocess,911,0.450397365532382,0.444,0.47,0.607,0.638,30.032258064516128,971,969,2
lwir-performance,B0,run-02,streaming_submit,911,1.004297475301866,0.23,4.518,7.758899999999999,11.45,30.032258064516128,971,969,2
lwir-performance,B0,run-02,encoding,911,1633.4558320526894,1641.276,1705.3890000000001,1709.1598999999999,1724.499,30.032258064516128,971,969,2
lwir-performance,B0,run-02,e2e,909,1708.3915093509352,1708.303,1717.3316,1726.4097599999998,1754.236,30.032258064516128,971,969,2
lwir-performance,B0,run-03,capture,911,13.177387486278814,11.305,20.9465,26.613499999999966,35.383,30.032258064516128,971,969,2
lwir-performance,B0,run-03,preprocess,911,0.4603304061470911,0.445,0.614,0.6564999999999999,0.705,30.032258064516128,971,969,2
lwir-performance,B0,run-03,streaming_submit,911,0.908357848518112,0.225,4.121,7.858099999999998,11.041,30.032258064516128,971,969,2
lwir-performance,B0,run-03,encoding,911,1633.32710428101,1643.297,1704.946,1709.962,1721.102,30.032258064516128,971,969,2
lwir-performance,B0,run-03,e2e,909,1708.8619669966995,1708.364,1719.3953999999999,1729.01384,1754.768,30.032258064516128,971,969,2
lwir-performance,B1,run-01,capture,911,10.035702524698134,9.911,10.1045,17.3248,19.269,30.0,971,971,0
lwir-performance,B1,run-01,preprocess,911,0.44822832052689354,0.442,0.447,0.7499,0.822,30.0,971,971,0
lwir-performance,B1,run-01,streaming_submit,911,0.18045005488474203,0.18,0.186,0.232,0.284,30.0,971,971,0
lwir-performance,B1,run-01,encoding,911,3.5128638858397365,3.567,4.428,5.55879999999999,8.248,30.0,971,971,0
lwir-performance,B1,run-01,e2e,911,55.76179363336992,55.76,56.28,56.6742,88.953,30.0,971,971,0
lwir-performance,B1,run-02,capture,911,10.074232711306257,9.933,10.109,17.6215,19.716,30.0,971,971,0
lwir-performance,B1,run-02,preprocess,911,0.45225466520307356,0.442,0.459,0.7519,0.848,30.0,971,971,0
lwir-performance,B1,run-02,streaming_submit,911,0.17920636663007686,0.178,0.188,0.233,0.249,30.0,971,971,0
lwir-performance,B1,run-02,encoding,911,3.5734643249176727,3.683,4.4505,5.141399999999999,7.307,30.0,971,971,0
lwir-performance,B1,run-02,e2e,911,54.01687925356751,54.346,54.796499999999995,54.9825,86.296,30.0,971,971,0
lwir-performance,B1,run-03,capture,911,10.081055982436883,9.943,10.1115,17.5935,19.883,30.0,971,971,0
lwir-performance,B1,run-03,preprocess,911,0.4479692645444567,0.441,0.446,0.751,0.858,30.0,971,971,0
lwir-performance,B1,run-03,streaming_submit,911,0.18888474204171238,0.184,0.209,0.23679999999999995,0.259,30.0,971,971,0
lwir-performance,B1,run-03,encoding,911,3.532793633369923,3.539,4.468,5.648499999999999,8.151,30.0,971,971,0
lwir-performance,B1,run-03,e2e,911,53.238753018660816,53.036,54.466499999999996,54.8068,85.335,30.0,971,971,0
