frame_index,received_at_ms
1,0.000
2,21.239
3,82.262
4,97.717
5,106.419
6,116.809
7,154.106
8,190.960
9,217.719
10,250.980
11,294.426
12,317.875
13,347.934
14,393.813
15,419.750
16,447.998
17,480.372
18,520.916
19,548.972
20,581.724
21,617.227
22,648.973
23,685.456
24,714.327
25,751.116
26,789.120
27,818.746
28,852.691
29,880.774
30,913.862
31,950.942
32,982.963
33,1015.741
34,1051.026
35,1086.861
36,1115.514
37,1150.937
38,1185.693
39,1221.124
40,1249.250
41,1288.741
42,1314.602
43,1350.302
44,1385.388
45,1414.824
46,1449.243
47,1491.969
48,1517.710
49,1548.212
50,1585.490
51,1619.307
52,1651.297
53,1679.351
54,1720.820
55,1752.580
56,1780.856
57,1819.295
58,1847.444
59,1888.699
60,1918.443
61,1948.914
62,1978.841
63,2018.610
64,2048.286
65,2089.373
66,2115.423
67,2150.272
68,2181.196
69,2213.623
70,2250.838
71,2292.391
72,2314.630
73,2350.682
74,2380.354
75,2421.742
76,2448.546
77,2483.828
78,2513.249
79,2548.731
80,2590.459
81,2613.993
82,2650.790
83,2684.909
84,2721.127
85,2746.777
86,2780.616
87,2813.442
88,2845.814
89,2882.854
90,2920.373
91,2948.737
92,2978.241
93,3015.990
94,3048.104
95,3085.536
96,3117.918
97,3153.627
98,3182.242
99,3226.073
100,3248.513
101,3286.660
102,3313.596
103,3348.602
104,3380.526
105,3418.644
106,3446.879
107,3487.734
108,3519.960
109,3550.708
110,3585.088
111,3622.302
112,3647.445
113,3680.575
114,3717.980
115,3750.712
116,3780.742
117,3818.821
118,3848.094
119,3885.248
120,3914.643
121,3954.726
122,3978.083
123,4020.609
124,4048.205
125,4082.711
126,4119.606
127,4149.444
128,4183.415
129,4219.320
130,4247.449
131,4286.390
132,4314.654
133,4348.753
134,4385.038
135,4420.065
136,4448.575
137,4483.838
138,4513.896
139,4546.617
140,4583.736
141,4613.938
142,4656.204
143,4689.364
144,4718.017
145,4750.678
146,4783.632
147,4816.549
148,4850.286
149,4885.056
150,4917.288
151,4949.798
152,4978.423
153,5014.168
154,5052.542
155,5085.926
156,5120.193
157,5147.015
158,5181.173
159,5220.667
160,5247.970
161,5285.132
162,5319.928
163,5348.948
164,5380.894
165,5413.942
166,5449.141
167,5487.656
168,5514.051
169,5546.695
170,5588.886
171,5623.332
172,5646.121
173,5680.111
174,5720.086
175,5749.401
176,5782.500
177,5818.999
178,5851.086
179,5885.254
180,5918.162
181,5948.408
182,5986.778
183,6024.862
184,6047.972
185,6085.136
186,6114.123
187,6148.621
188,6183.388
189,6217.377
190,6248.274
191,6288.590
192,6321.332
193,6347.358
194,6382.418
195,6418.479
196,6450.684
197,6483.953
198,6513.809
199,6550.480
200,6578.095
201,6622.028
202,6647.057
203,6694.087
204,6714.171
205,6747.525
206,6783.146
207,6813.472
208,6847.350
209,6883.647
210,6921.689
211,6950.797
212,6980.515
213,7013.253
214,7049.248
215,7090.369
216,7114.569
217,7148.363
218,7181.578
219,7221.091
220,7251.008
221,7286.001
222,7311.781
223,7354.044
224,7383.190
225,7419.628
226,7447.453
227,7484.501
228,7514.254
229,7547.700
230,7582.556
231,7620.219
232,7648.515
233,7683.364
234,7714.212
235,7748.487
236,7781.686
237,7811.611
238,7848.908
239,7887.638
240,7914.287
241,7947.137
242,7977.859
243,8017.981
244,8049.224
245,8080.235
246,8113.974
247,8148.695
248,8182.090
249,8217.200
250,8250.992
251,8294.481
252,8316.811
253,8347.472
254,8388.843
255,8428.482
256,8466.756
257,8484.315
258,8514.646
259,8550.321
260,8597.351
261,8625.942
262,8681.631
263,8693.392
264,8718.060
265,8746.656
266,8780.887
267,8812.599
268,8852.941
269,8886.911
270,8915.599
271,8952.839
272,8978.146
273,9022.073
274,9050.624
275,9080.673
276,9117.635
277,9155.134
278,9192.708
279,9213.969
280,9247.516
281,9293.023
282,9319.656
283,9351.374
284,9387.389
285,9422.036
286,9447.975
287,9480.637
288,9521.142
289,9554.071
290,9581.508
291,9620.951
292,9650.154
293,9685.847
294,9718.531
295,9749.744
296,9784.283
297,9812.801
298,9848.258
299,9937.389
300,9971.632
301,10002.947
302,10010.579
303,10051.157
304,10058.112
305,10087.517
306,10115.175
307,10194.802
308,10204.034
309,10221.014
310,10247.571
311,10304.026
312,10319.319
313,10347.490
314,10382.905
315,10419.747
316,10450.388
317,10489.413
318,10513.884
319,10552.636
320,10586.666
321,10617.542
322,10648.081
323,10696.648
324,10718.806
325,10747.829
326,10780.826
327,10830.418
328,10845.096
329,10883.018
330,10911.443
331,10958.206
332,10987.477
333,11013.956
334,11054.005
335,11090.758
336,11121.021
337,11149.253
338,11181.389
339,11219.415
340,11247.967
341,11281.794
342,11319.092
343,11352.704
344,11389.102
345,11414.314
346,11451.057
347,11495.654
348,11515.402
349,11548.680
350,11586.518
351,11624.429
352,11650.406
353,11685.951
354,11713.581
355,11760.176
356,11778.494
357,11812.324
358,11851.252
359,11884.949
360,11913.592
361,11946.563
362,11985.811
363,12014.111
364,12045.725
365,12083.732
366,12123.403
367,12160.695
368,12186.889
369,12211.893
370,12245.447
371,12328.955
372,12343.702
373,12365.193
374,12385.352
375,12419.966
376,12449.098
377,12486.068
378,12515.260
379,12549.200
380,12585.045
381,12622.476
382,12651.097
383,12685.962
384,12716.260
385,12748.677
386,12784.591
387,12813.339
388,12847.521
389,12884.073
390,12919.216
391,12955.360
392,12980.949
393,13017.417
394,13052.771
395,13093.326
396,13115.234
397,13149.674
398,13188.419
399,13222.378
400,13249.250
401,13288.320
402,13314.602
403,13352.449
404,13389.153
405,13414.620
406,13459.532
407,13492.801
408,13514.948
409,13548.393
410,13589.752
411,13618.427
412,13654.821
413,13681.020
414,13721.901
415,13755.312
416,13784.900
417,13814.607
418,13848.086
419,13892.695
420,13915.316
421,13949.468
422,13981.690
423,14022.767
424,14048.366
425,14081.271
426,14116.863
427,14153.150
428,14191.162
429,14214.796
430,14249.703
431,14300.298
432,14332.211
433,14347.431
434,14388.709
435,14418.975
436,14467.231
437,14478.433
438,14516.119
439,14568.403
440,14603.169
441,14615.148
442,14650.694
443,14699.493
444,14715.877
445,14748.753
446,14781.325
447,14832.096
448,14847.867
449,14881.350
450,14922.935
451,14949.108
452,14978.345
453,15013.766
454,15049.093
455,15089.807
456,15115.223
457,15153.282
458,15192.532
459,15215.634
460,15248.147
461,15293.994
462,15318.084
463,15348.017
464,15386.280
465,15419.833
466,15452.411
467,15490.716
468,15516.823
469,15551.118
470,15593.606
471,15615.216
472,15647.943
473,15698.257
474,15717.713
475,15749.756
476,15781.102
477,15821.450
478,15850.212
479,15880.947
480,15914.091
481,15952.190
482,15979.725
483,16020.628
484,16050.878
485,16081.270
486,16119.340
487,16147.923
488,16182.072
489,16218.303
490,16253.054
491,16285.915
492,16313.107
493,16346.069
494,16390.635
495,16415.806
496,16448.594
497,16483.493
498,16532.569
499,16556.149
500,16581.349
501,16619.715
502,16663.730
503,16681.828
504,16714.452
505,16747.640
506,16792.504
507,16814.244
508,16850.601
509,16884.752
510,16921.363
511,16948.330
512,16982.933
513,17019.075
514,17049.721
515,17089.736
516,17116.656
517,17152.655
518,17189.797
519,17215.862
520,17246.904
521,17290.748
522,17320.262
523,17350.517
524,17382.664
525,17416.970
526,17453.823
527,17483.431
528,17516.362
529,17555.065
530,17595.578
531,17621.168
532,17648.067
533,17687.914
534,17717.422
535,17751.307
536,17780.561
537,17823.875
538,17850.471
539,17889.145
540,17914.262
541,17948.170
542,17980.554
543,18019.283
544,18049.930
545,18083.329
546,18118.038
547,18148.402
548,18180.837
549,18217.892
550,18255.338
551,18282.807
552,18317.631
553,18357.957
554,18394.624
555,18417.394
556,18447.492
557,18487.703
558,18523.261
559,18548.086
560,18585.753
561,18618.187
562,18649.507
563,18681.035
564,18713.166
565,18748.023
566,18781.026
567,18815.605
568,18851.481
569,18881.273
570,18920.718
571,18947.795
572,18979.874
573,19017.476
574,19047.722
575,19083.866
576,19122.348
577,19148.612
578,19187.337
579,19214.509
580,19248.760
581,19287.055
582,19314.245
583,19349.674
584,19393.797
585,19414.544
586,19454.145
587,19481.907
588,19522.515
589,19548.566
590,19585.702
591,19618.302
592,19649.718
593,19682.001
594,19714.007
595,19749.019
596,19788.726
597,19820.984
598,19847.491
599,19889.912
600,19920.758
601,19948.102
602,19983.213
603,20016.729
604,20051.830
605,20080.970
606,20116.583
607,20155.187
608,20194.134
609,20216.734
610,20247.472
611,20286.142
612,20321.944
613,20348.595
614,20382.732
615,20418.262
616,20460.303
617,20481.774
618,20514.209
619,20551.099
620,20593.047
621,20615.122
622,20652.329
623,20694.079
624,20722.489
625,20750.292
626,20781.285
627,20812.885
628,20851.934
629,20882.048
630,20914.339
631,20946.886
632,20986.701
633,21014.505
634,21047.440
635,21085.974
636,21121.359
637,21148.167
638,21181.098
639,21217.554
640,21251.673
641,21282.414
642,21320.235
643,21355.256
644,21386.293
645,21414.887
646,21447.968
647,21481.003
648,21521.123
649,21547.105
650,21586.295
651,21627.873
652,21649.346
653,21683.074
654,21715.225
655,21749.259
656,21790.035
657,21815.256
658,21848.436
659,21905.780
660,21925.088
661,21947.020
662,21985.152
663,22017.253
664,22047.603
665,22081.100
666,22117.284
667,22149.142
668,22187.718
669,22214.762
670,22249.058
671,22289.868
672,22320.453
673,22349.076
674,22380.980
675,22420.103
676,22448.933
677,22486.258
678,22517.629
679,22552.673
680,22585.911
681,22616.656
682,22647.872
683,22698.866
684,22717.872
685,22749.258
686,22781.681
687,22823.115
688,22846.213
689,22882.020
690,22919.420
691,22953.595
692,22980.626
693,23015.242
694,23049.004
695,23080.683
696,23131.803
697,23149.548
698,23188.602
699,23218.827
700,23251.384
701,23278.365
702,23323.296
703,23346.581
704,23378.734
705,23415.118
706,23445.606
707,23482.172
708,23512.776
709,23545.257
710,23583.483
711,23613.690
712,23646.050
713,23680.861
714,23717.840
715,23771.971
716,23799.580
717,23819.039
718,23845.570
719,23880.825
720,23911.872
721,23950.852
722,23979.896
723,24021.324
724,24050.186
725,24086.311
726,24115.073
727,24150.956
728,24182.801
729,24214.050
730,24245.578
731,24282.883
732,24315.197
733,24347.611
734,24390.650
735,24422.548
736,24447.948
737,24482.179
738,24515.667
739,24552.773
740,24591.254
741,24617.775
742,24651.029
743,24689.708
744,24716.336
745,24748.713
746,24789.861
747,24812.937
748,24845.498
749,24881.050
750,24916.323
751,24952.522
752,24979.133
753,25013.511
754,25047.152
755,25084.294
756,25122.411
757,25150.280
758,25181.860
759,25218.761
760,25249.741
761,25281.171
762,25320.037
763,25346.820
764,25381.134
765,25414.016
766,25453.081
767,25482.373
768,25515.175
769,25547.711
770,25593.095
771,25617.665
772,25650.907
773,25677.876
774,25719.370
775,25747.542
776,25784.546
777,25813.484
778,25851.436
779,25888.261
780,25919.005
781,25947.363
782,25988.993
783,26019.220
784,26048.180
785,26081.810
786,26119.753
787,26151.756
788,26181.698
789,26222.289
790,26251.057
791,26286.055
792,26321.028
793,26347.707
794,26389.604
795,26419.352
796,26451.114
797,26486.009
798,26517.363
799,26549.530
800,26586.973
801,26620.505
802,26647.589
803,26685.043
804,26716.505
805,26749.526
806,26780.735
807,26813.282
808,26847.725
809,26880.081
810,26917.692
811,26950.904
812,26983.414
813,27019.292
814,27044.558
815,27089.149
816,27114.561
817,27147.122
818,27185.379
819,27218.758
820,27248.405
821,27281.296
822,27317.894
823,27353.592
824,27390.067
825,27413.786
826,27447.042
827,27490.300
828,27514.072
829,27549.433
830,27580.427
831,27618.553
832,27649.544
833,27687.118
834,27713.980
835,27748.927
836,27781.051
837,27816.996
838,27849.261
839,27891.027
840,27917.682
841,27946.961
842,27977.822
843,28024.303
844,28044.976
845,28079.994
846,28113.776
847,28149.085
848,28178.320
849,28219.586
850,28247.437
851,28290.547
852,28314.383
853,28345.192
854,28380.276
855,28420.334
856,28445.541
857,28485.107
858,28519.454
859,28556.327
860,28578.174
861,28617.270
862,28647.693
863,28680.097
864,28719.810
865,28750.437
866,28778.122
867,28813.359
868,28848.428
869,28877.807
870,28917.477
871,28950.739
872,28983.095
873,29017.675
874,29048.323
875,29087.445
876,29114.127
877,29149.203
878,29178.073
879,29218.259
880,29248.218
881,29280.483
882,29313.625
883,29350.353
884,29378.941
885,29418.871
886,29448.696
887,29488.042
888,29514.084
889,29548.034
890,29580.316
891,29617.477
892,29645.117
893,29678.250
894,29717.029
895,29749.419
896,29789.871
897,29813.105
898,29846.896
899,29885.556
900,29917.300
901,29949.087
902,29983.078
903,30018.736
904,30046.664
905,30086.665
906,30117.044
907,30151.163
908,30178.824
909,30220.096
910,30248.127
911,30285.894
912,30313.487
913,30346.641
914,30378.027
915,30421.182
916,30450.894
917,30479.257
918,30514.264
919,30549.104
920,30560.367
921,30595.866
922,30626.953
923,30661.835
924,30694.866
925,30727.061
926,30760.004
927,30799.659
928,30826.998
929,30860.259
930,30896.445
931,30928.413
932,30960.495
933,30993.541
934,31026.920
935,31062.046
936,31093.889
937,31126.747
938,31160.146
939,31196.329
940,31226.965
941,31260.253
942,31293.910
943,31328.364
944,31360.710
945,31396.170
946,31429.119
947,31468.287
948,31496.969
949,31526.803
950,31560.290
951,31610.052
952,31628.877
953,31660.266
954,31696.114
955,31727.514
956,31766.694
957,31796.623
958,31827.045
959,31862.340
960,31899.491
961,31929.303
962,31960.458
963,31995.857
964,32028.007
965,32063.689
966,32095.820
967,32126.701
968,32161.572
