frame_id,encoding_ms
1,5.273
2,4.162
3,3.203
4,2.795
5,3.793
6,3.743
7,2.953
8,2.794
9,4.007
10,4.202
11,2.952
12,3.621
13,2.857
14,3.652
15,2.851
16,3.899
17,3.590
18,3.836
19,3.786
20,3.652
21,3.101
22,4.252
23,3.707
24,2.728
25,4.324
26,3.614
27,4.258
28,3.932
29,3.492
30,3.902
31,2.619
32,3.530
33,2.656
34,3.735
35,3.565
36,3.845
37,4.085
38,3.429
39,2.781
40,4.064
41,3.709
42,4.118
43,4.400
44,3.584
45,4.364
46,4.668
47,3.443
48,3.819
49,2.700
50,2.648
51,4.117
52,3.673
53,3.555
54,3.829
55,2.847
56,2.999
57,2.795
58,4.621
59,3.428
60,3.046
61,4.119
62,3.475
63,3.953
64,3.120
65,3.566
66,3.840
67,4.122
68,3.504
69,4.031
70,2.855
71,3.413
72,3.793
73,3.825
74,3.629
75,3.849
76,4.011
77,3.474
78,2.769
79,3.946
80,2.691
81,4.336
82,2.444
83,3.565
84,2.785
85,5.626
86,5.133
87,6.411
88,4.111
89,3.507
90,3.999
91,4.024
92,3.436
93,3.683
94,2.916
95,3.542
96,2.622
97,3.335
98,3.493
99,2.891
100,4.090
101,3.609
102,3.984
103,3.606
104,3.455
105,4.102
106,2.630
107,3.573
108,2.686
109,3.786
110,2.952
111,4.156
112,4.271
113,3.491
114,2.988
115,4.026
116,2.899
117,3.058
118,2.552
119,3.022
120,4.204
121,2.754
122,3.476
123,4.092
124,2.819
125,3.543
126,3.863
127,2.820
128,3.498
129,2.802
130,4.038
131,2.810
132,3.870
133,2.793
134,2.987
135,4.091
136,3.827
137,3.576
138,2.836
139,4.072
140,2.849
141,3.748
142,4.111
143,2.832
144,3.449
145,3.501
146,2.766
147,2.794
148,4.309
149,3.406
150,3.446
151,2.580
152,3.646
153,2.815
154,4.077
155,2.770
156,2.704
157,2.966
158,2.806
159,4.006
160,3.963
161,3.441
162,3.997
163,2.650
164,2.942
165,4.084
166,3.805
167,3.571
168,3.927
169,3.887
170,3.473
171,2.641
172,3.904
173,2.801
174,2.983
175,3.753
176,3.653
177,2.816
178,3.926
179,3.705
180,3.850
181,3.824
182,2.989
183,2.669
184,4.078
185,2.975
186,4.181
187,3.916
188,2.962
189,3.812
190,4.341
191,2.656
192,3.721
193,2.697
194,3.758
195,3.834
196,3.978
197,3.434
198,4.174
199,4.199
200,2.777
201,3.927
202,3.916
203,3.724
204,2.680
205,3.801
206,3.568
207,3.824
208,2.646
209,3.543
210,2.699
211,4.050
212,3.562
213,2.687
214,4.517
215,3.785
216,2.635
217,4.105
218,3.432
219,2.498
220,2.805
221,2.906
222,3.870
223,2.799
224,3.350
225,3.487
226,2.649
227,3.580
228,3.766
229,4.076
230,3.624
231,3.042
232,3.660
233,3.603
234,3.741
235,3.808
236,3.521
237,3.806
238,6.301
239,4.803
240,6.723
241,3.173
242,3.173
243,4.522
244,4.184
245,3.758
246,3.992
247,2.687
248,3.863
249,2.710
250,4.335
251,3.058
252,3.938
253,4.359
254,3.932
255,2.891
256,4.309
257,3.699
258,2.896
259,4.235
260,3.003
261,3.110
262,3.036
263,3.758
264,3.859
265,3.034
266,2.999
267,3.134
268,3.004
269,3.044
270,4.626
271,4.700
272,3.739
273,4.352
274,4.922
275,3.245
276,3.158
277,2.612
278,3.685
279,4.802
280,3.106
281,3.236
282,2.945
283,3.645
284,3.144
285,3.388
286,4.303
287,3.135
288,3.012
289,4.037
290,3.036
291,2.817
292,2.733
293,3.582
294,3.160
295,3.442
296,3.073
297,3.803
298,3.479
299,3.404
300,3.142
301,4.103
302,3.138
303,2.932
304,2.562
305,2.885
306,3.748
307,3.997
308,3.798
309,3.017
310,2.777
311,2.807
312,3.946
313,2.935
314,2.916
315,4.146
316,3.095
317,3.431
318,3.287
319,3.812
320,3.441
321,3.208
322,4.294
323,3.665
324,3.393
325,2.938
326,3.625
327,3.019
328,3.627
329,3.700
330,3.212
331,3.957
332,3.671
333,2.985
334,3.751
335,3.543
336,4.435
337,4.564
338,3.638
339,3.189
340,3.996
341,3.054
342,3.205
343,3.001
344,3.520
345,2.950
346,3.614
347,3.544
348,4.418
349,3.582
350,3.399
351,2.857
352,3.602
353,3.426
354,4.504
355,2.941
356,3.380
357,3.195
358,3.970
359,3.674
360,3.088
361,2.895
362,3.681
363,4.572
364,4.369
365,2.930
366,4.384
367,4.008
368,3.630
369,3.858
370,2.895
371,3.713
372,4.002
373,3.804
374,3.587
375,3.107
376,2.972
377,3.626
378,4.531
379,3.530
380,2.900
381,3.964
382,3.971
383,3.512
384,3.174
385,3.808
386,2.901
387,4.594
388,3.507
389,3.658
390,3.008
391,5.951
392,4.230
393,6.137
394,2.659
395,3.673
396,4.218
397,2.895
398,3.753
399,4.243
400,4.272
401,3.511
402,3.560
403,3.001
404,3.406
405,2.884
406,2.972
407,3.537
408,3.737
409,2.807
410,3.528
411,3.825
412,2.996
413,3.137
414,4.212
415,3.076
416,3.213
417,3.111
418,4.035
419,3.710
420,4.745
421,4.377
422,3.540
423,4.927
424,3.886
425,3.512
426,3.939
427,4.357
428,3.039
429,3.011
430,3.857
431,3.787
432,3.022
433,3.809
434,3.363
435,4.237
436,2.963
437,3.537
438,3.920
439,4.062
440,3.326
441,3.014
442,2.894
443,3.460
444,3.120
445,3.964
446,3.500
447,3.032
448,3.216
449,3.591
450,3.042
451,4.145
452,3.692
453,3.026
454,4.054
455,3.631
456,2.774
457,4.406
458,2.817
459,4.721
460,4.077
461,3.710
462,2.884
463,3.637
464,3.434
465,3.847
466,3.709
467,3.362
468,3.029
469,3.294
470,3.673
471,2.775
472,4.043
473,3.559
474,2.988
475,3.847
476,3.466
477,3.554
478,3.542
479,3.337
480,4.373
481,3.123
482,3.268
483,2.712
484,4.347
485,3.682
486,2.655
487,2.933
488,3.648
489,2.934
490,3.942
491,3.123
492,2.878
493,3.069
494,2.947
495,4.066
496,3.794
497,3.006
498,3.562
499,3.652
500,3.757
501,3.502
502,3.011
503,2.913
504,3.406
505,3.106
506,3.549
507,3.823
508,3.586
509,3.567
510,3.458
511,3.891
512,3.472
513,2.737
514,4.682
515,3.660
516,3.754
517,3.836
518,3.705
519,2.961
520,5.073
521,3.510
522,3.263
523,3.145
524,3.121
525,3.482
526,3.462
527,3.349
528,4.312
529,4.618
530,3.332
531,2.910
532,2.898
533,3.597
534,2.938
535,4.054
536,3.665
537,3.554
538,3.185
539,3.174
540,4.380
541,2.734
542,3.643
543,4.849
544,5.651
545,4.363
546,7.447
547,3.641
548,2.718
549,4.378
550,2.888
551,3.695
552,3.114
553,3.686
554,3.161
555,3.524
556,2.898
557,3.460
558,3.969
559,3.908
560,3.582
561,2.971
562,3.789
563,3.510
564,4.138
565,2.717
566,3.714
567,3.956
568,3.932
569,3.035
570,4.683
571,3.375
572,3.579
573,2.758
574,4.243
575,3.617
576,3.079
577,2.893
578,2.708
579,4.354
580,2.988
581,3.838
582,2.912
583,2.918
584,3.412
585,2.979
586,3.483
587,2.995
588,4.526
589,3.091
590,3.434
591,3.068
592,3.487
593,3.437
594,4.003
595,4.531
596,3.253
597,3.848
598,3.242
599,3.617
600,4.453
601,4.172
602,2.714
603,3.242
604,3.595
605,3.420
606,2.735
607,2.445
608,3.672
609,2.605
610,3.526
611,3.635
612,3.003
613,4.099
614,3.626
615,2.848
616,2.906
617,3.546
618,3.999
619,4.042
620,3.741
621,3.553
622,3.325
623,3.144
624,3.243
625,3.065
626,3.429
627,2.928
628,3.049
629,3.331
630,2.960
631,2.992
632,2.916
633,3.870
634,2.825
635,3.722
636,2.616
637,4.305
638,3.602
639,4.330
640,3.309
641,3.570
642,2.948
643,2.982
644,3.328
645,4.274
646,4.640
647,3.306
648,3.952
649,3.824
650,3.343
651,3.067
652,3.922
653,3.732
654,4.671
655,3.573
656,3.250
657,2.934
658,3.074
659,3.308
660,4.405
661,3.970
662,3.421
663,4.237
664,2.619
665,3.662
666,2.876
667,2.684
668,2.927
669,4.774
670,4.387
671,3.676
672,3.580
673,3.009
674,2.949
675,3.199
676,3.700
677,3.551
678,4.722
679,3.396
680,3.130
681,4.514
682,2.926
683,3.500
684,2.898
685,2.819
686,3.828
687,4.360
688,3.106
689,2.809
690,3.034
691,3.073
692,2.765
693,2.982
694,2.826
695,2.675
696,3.713
697,4.482
698,8.151
699,7.577
700,3.045
701,3.189
702,3.039
703,3.184
704,3.420
705,2.897
706,3.407
707,3.064
708,3.559
709,2.876
710,3.371
711,3.329
712,3.069
713,3.216
714,3.252
715,3.864
716,3.439
717,4.252
718,3.187
719,3.252
720,2.777
721,2.893
722,3.742
723,3.785
724,3.950
725,3.616
726,4.171
727,4.451
728,3.186
729,4.334
730,2.956
731,2.947
732,3.538
733,4.077
734,3.604
735,3.375
736,3.134
737,2.863
738,4.521
739,4.488
740,3.354
741,3.063
742,2.946
743,3.560
744,3.297
745,3.198
746,3.235
747,3.647
748,4.454
749,2.971
750,4.327
751,4.105
752,3.656
753,4.037
754,3.925
755,3.515
756,2.928
757,2.786
758,3.658
759,2.732
760,3.660
761,3.448
762,3.514
763,2.821
764,3.554
765,2.692
766,4.359
767,3.528
768,3.886
769,2.775
770,2.946
771,3.626
772,4.179
773,3.509
774,4.076
775,2.699
776,2.882
777,4.043
778,4.100
779,3.573
780,2.850
781,3.604
782,2.925
783,4.806
784,3.023
785,3.708
786,4.004
787,4.116
788,2.952
789,4.259
790,4.081
791,3.715
792,3.014
793,4.272
794,3.763
795,3.771
796,2.870
797,3.213
798,2.552
799,4.151
800,3.495
801,3.983
802,2.672
803,3.513
804,2.760
805,2.666
806,2.772
807,3.613
808,2.875
809,3.568
810,3.992
811,3.947
812,3.550
813,2.746
814,2.919
815,3.551
816,4.030
817,3.923
818,3.523
819,4.043
820,2.746
821,2.825
822,4.018
823,3.825
824,3.564
825,2.797
826,4.043
827,2.914
828,3.991
829,3.938
830,3.514
831,4.085
832,3.969
833,3.548
834,4.050
835,4.047
836,3.512
837,3.782
838,4.160
839,3.561
840,2.816
841,3.898
842,3.539
843,3.848
844,2.804
845,3.527
846,3.911
847,2.843
848,3.690
849,4.199
850,5.618
851,4.525
852,6.610
853,2.830
854,3.648
855,4.131
856,2.800
857,3.574
858,3.856
859,4.039
860,2.897
861,2.966
862,4.053
863,2.819
864,3.733
865,3.001
866,3.451
867,4.028
868,3.835
869,3.628
870,3.740
871,2.695
872,3.689
873,2.922
874,2.674
875,3.522
876,4.183
877,2.725
878,3.378
879,2.940
880,3.797
881,3.417
882,4.208
883,2.897
884,3.540
885,2.858
886,4.201
887,2.577
888,3.461
889,4.215
890,3.558
891,4.004
892,4.086
893,3.576
894,4.202
895,3.978
896,3.371
897,3.710
898,2.851
899,2.745
900,2.693
901,3.056
902,2.442
903,2.602
904,2.612
905,2.691
906,4.180
907,2.699
908,3.647
909,2.881
910,4.383
911,2.845
912,3.364
913,2.842
914,3.662
915,3.628
916,2.702
917,3.672
918,2.871
919,3.931
920,3.441
921,4.157
922,4.294
923,3.417
924,4.298
925,3.947
926,3.553
927,2.562
928,4.139
929,3.704
930,3.868
931,4.687
932,3.444
933,3.420
934,4.087
935,3.312
936,3.359
937,2.724
938,3.534
939,3.031
940,2.753
941,2.878
942,3.957
943,3.677
944,3.617
945,2.877
946,3.960
947,3.590
948,2.400
949,4.025
950,3.886
951,3.813
952,3.698
953,3.665
954,3.674
955,2.845
956,3.551
957,2.707
958,3.792
959,3.546
960,3.850
961,3.898
962,2.702
963,3.764
964,4.230
965,3.460
966,3.844
967,3.514
968,3.568
969,2.497
970,2.524
971,3.326
