stage,interval_index,interval_start_s,interval_end_s,frame_count,fps
capture,1,0.000,1.000,30,30.000
capture,2,1.000,2.000,30,30.000
capture,3,2.000,3.000,30,30.000
capture,4,3.000,4.000,30,30.000
capture,5,4.000,5.000,30,30.000
capture,6,5.000,6.000,30,30.000
capture,7,6.000,7.000,30,30.000
capture,8,7.000,8.000,30,30.000
capture,9,8.000,9.000,30,30.000
capture,10,9.000,10.000,30,30.000
capture,11,10.000,11.000,30,30.000
capture,12,11.000,12.000,30,30.000
capture,13,12.000,13.000,30,30.000
capture,14,13.000,14.000,30,30.000
capture,15,14.000,15.000,30,30.000
capture,16,15.000,16.000,30,30.000
capture,17,16.000,17.000,30,30.000
capture,18,17.000,18.000,30,30.000
capture,19,18.000,19.000,30,30.000
capture,20,19.000,20.000,30,30.000
capture,21,20.000,21.000,30,30.000
capture,22,21.000,22.000,30,30.000
capture,23,22.000,23.000,30,30.000
capture,24,23.000,24.000,30,30.000
capture,25,24.000,25.000,30,30.000
capture,26,25.000,26.000,30,30.000
capture,27,26.000,27.000,30,30.000
capture,28,27.000,28.000,30,30.000
capture,29,28.000,29.000,30,30.000
capture,30,29.000,30.000,30,30.000
capture,31,30.000,31.000,30,30.000
capture,32,31.000,32.000,30,30.000
capture,33,32.000,32.363,11,30.262
streaming_submit,1,0.000,1.000,31,31.000
streaming_submit,2,1.000,2.000,30,30.000
streaming_submit,3,2.000,3.000,30,30.000
streaming_submit,4,3.000,4.000,30,30.000
streaming_submit,5,4.000,5.000,30,30.000
streaming_submit,6,5.000,6.000,30,30.000
streaming_submit,7,6.000,7.000,30,30.000
streaming_submit,8,7.000,8.000,30,30.000
streaming_submit,9,8.000,9.000,30,30.000
streaming_submit,10,9.000,10.000,30,30.000
streaming_submit,11,10.000,11.000,30,30.000
streaming_submit,12,11.000,12.000,30,30.000
streaming_submit,13,12.000,13.000,30,30.000
streaming_submit,14,13.000,14.000,30,30.000
streaming_submit,15,14.000,15.000,30,30.000
streaming_submit,16,15.000,16.000,30,30.000
streaming_submit,17,16.000,17.000,30,30.000
streaming_submit,18,17.000,18.000,30,30.000
streaming_submit,19,18.000,19.000,30,30.000
streaming_submit,20,19.000,20.000,30,30.000
streaming_submit,21,20.000,21.000,30,30.000
streaming_submit,22,21.000,22.000,30,30.000
streaming_submit,23,22.000,23.000,30,30.000
streaming_submit,24,23.000,24.000,30,30.000
streaming_submit,25,24.000,25.000,30,30.000
streaming_submit,26,25.000,26.000,30,30.000
streaming_submit,27,26.000,27.000,30,30.000
streaming_submit,28,27.000,28.000,30,30.000
streaming_submit,29,28.000,29.000,30,30.000
streaming_submit,30,29.000,30.000,30,30.000
streaming_submit,31,30.000,31.000,30,30.000
streaming_submit,32,31.000,32.000,30,30.000
streaming_submit,33,32.000,32.304,10,32.843
