metric,unit,B0,B1,change_pct,improvement_pct
Capture processing mean,ms,13.454720819612149,10.051701427003294,-25.29238204369484,25.29238204369484
Capture processing P95,ms,22.188,10.103166666666667,-54.46562706568114,54.46562706568114
Preprocess queue mean,ms,0.8229754848152213,0.023425539699963412,-97.15355558796226,97.15355558796226
Preprocess queue P95,ms,4.477666666666667,0.02766666666666667,-99.38211866299412,99.38211866299412
Encoding mean,ms,1633.6384094401758,3.4755945847054517,-99.78724823286343,99.78724823286343
Encoding P95,ms,1705.281,4.511500000000001,-99.7354394964818,99.7354394964818
Preprocess mean,ms,0.4623765093304062,0.4492883278448591,-2.8306328763329307,2.8306328763329307
Preprocess P95,ms,0.6203333333333333,0.4503333333333333,-27.404621171413222,27.404621171413222
Streaming queue mean,ms,0.22595865349432862,0.04163556531284302,-81.57381243472136,81.57381243472136
Streaming queue P95,ms,1.1646666666666665,0.046000000000000006,-96.05037206639953,96.05037206639953
Streaming submit mean,ms,0.9632473472374681,0.17833333333333332,-81.48623675478765,81.48623675478765
Streaming submit P95,ms,4.036333333333334,0.18666666666666668,-95.37534065571063,95.37534065571063
Receiver FPS,fps,30.021505376344084,30.010752688172044,-0.03581661891116588,-0.03581661891116588
Frame gap,%,0.2403020940611054,0.0,-100.0,100.0
Sender CPU,%,282.6666666666667,59.666666666666664,-78.89150943396227,78.89150943396227
Sender max RSS,MiB,177.12760416666666,83.78255208333333,-52.699325168707816,52.699325168707816
RTP bitrate,kbps,52.218333333333334,228.8696666666667,338.2937027225432,-338.2937027225432
