condition,run,source,capture_processing_mean_ms,capture_processing_p95_ms,preprocess_queue_wait_mean_ms,preprocess_queue_wait_p95_ms,preprocess_processing_mean_ms,preprocess_processing_p95_ms,streaming_queue_wait_mean_ms,streaming_queue_wait_p95_ms,streaming_submit_mean_ms,streaming_submit_p95_ms,encoding_mean_ms,encoding_p95_ms,sender_fps,receiver_fps,sent_frames,decoded_frames,frame_gap,frame_gap_pct,queue_policy_drops,bitrate_kbps,sender_cpu_pct,sender_rss_mb,receiver_cpu_pct,receiver_rss_mb,e2e_match_coverage_pct,e2e_valid
B0,run-01,/workspace/video_pipeline/results/lwir-performance/20261009-final/B0/run-01,13.500819978046103,22.535,0.8979418221734358,5.232,0.4665982436882547,0.625,0.2466860592755214,1.595,0.9658529088913282,4.140000000000001,1633.770035126235,1705.2205,30.0,30.032258064516128,971,968,3,0.30895983522142123,0,52.185,283.0,176.78125,22.0,130.59375,12.809917355371901,False
Q1,run-01,/workspace/video_pipeline/results/lwir-performance/20261009-final/Q1/run-01,13.075069154774974,21.284,0.7365181119648737,4.3215,0.45828210757409443,0.4875,0.2645005488474204,2.3315,0.8465444566410538,3.6790000000000003,1632.8868583973656,1705.6390000000001,30.0,30.032258064516128,971,969,2,0.2059732234809475,0,53.181,281.0,177.6953125,16.0,123.95703125,14.551083591331269,False
Q1,run-02,/workspace/video_pipeline/results/lwir-performance/20261009-final/Q1/run-02,13.129296377607027,21.856499999999997,0.754006586169045,4.327500000000001,0.4738825466520307,0.6395,0.2143995609220637,0.49150000000000005,0.8831899012074643,3.7625,1633.4603271130625,1706.0415,30.0,30.032258064516128,971,969,2,0.2059732234809475,0,52.769,282.0,177.2734375,20.0,123.046875,0.5159958720330238,False
Q1,run-03,/workspace/video_pipeline/results/lwir-performance/20261009-final/Q1/run-03,13.109194291986828,21.116500000000002,0.715688254665203,4.0175,0.44847200878155874,0.464,0.2570054884742042,1.9754999999999998,1.0308046103183315,4.4879999999999995,1633.4710537870471,1705.076,30.0,30.032258064516128,971,969,2,0.2059732234809475,0,53.408,281.0,177.7578125,17.0,123.58984375,0.10319917440660474,False
E1,run-01,/workspace/video_pipeline/results/lwir-performance/20261009-final/E1/run-01,13.566913282107574,20.060000000000002,0.7436366630076838,4.079,0.47205268935236006,0.63,0.28624698133918774,2.2504999999999997,0.35356641053787047,0.5475000000000001,33.90276728869374,42.931,30.0,28.818181818181817,971,971,0,0.0,0,89.714,314.0,100.18359375,19.0,123.26953125,2.5746652935118433,False
E1,run-02,/workspace/video_pipeline/results/lwir-performance/20261009-final/E1/run-02,13.959495060373216,20.4755,0.7113336992316136,4.012499999999999,0.47469045005488475,0.6285000000000001,0.23884083424807903,1.6484999999999999,0.3350482985729967,0.5415000000000001,34.08216575192097,42.933,30.0,28.696969696969695,971,971,0,0.0,0,91.195,312.0,102.03515625,24.0,122.84765625,1.132852729145211,False
E1,run-03,/workspace/video_pipeline/results/lwir-performance/20261009-final/E1/run-03,13.441850713501646,19.094,0.81109220636663,4.014,0.4788111964873765,0.628,0.2019769484083425,0.799,0.32610428100987926,0.5305,33.985902305159165,42.6205,30.0,28.757575757575758,971,971,0,0.0,0,88.245,313.0,101.82421875,23.0,123.05078125,0.30895983522142123,False
E2,run-01,/workspace/video_pipeline/results/lwir-performance/20261009-final/E2/run-01,10.072125137211856,10.11,0.030317233809001098,0.037,0.45160043907793634,0.451,0.04211086717892426,0.046,0.17796048298572995,0.185,200.88972777167945,200.9765,30.0,30.0,971,971,0,0.0,0,4.448,58.0,91.69140625,13.0,120.82421875,0.411946446961895,False
E2,run-02,/workspace/video_pipeline/results/lwir-performance/20261009-final/E2/run-02,10.128332601536773,10.1425,0.030822173435784854,0.038,0.4563677277716795,0.464,0.039874862788144894,0.045,0.17891547749725575,0.187,200.9139648737651,201.03,30.0,30.0,971,971,0,0.0,0,4.448,58.0,91.6953125,14.0,120.80078125,0.10298661174047374,False
E2,run-03,/workspace/video_pipeline/results/lwir-performance/20261009-final/E2/run-03,10.08030186608123,10.118,0.03169923161361141,0.039,0.45394072447859496,0.4605,0.04090669593852909,0.047,0.18065971459934138,0.189,200.88469484083424,200.9525,30.0,30.0,971,971,0,0.0,0,4.448,58.0,91.6953125,17.0,120.578125,0.10298661174047374,False
B1,run-01,/workspace/video_pipeline/results/lwir-performance/20261009-final/B1/run-01,10.063416026344678,10.104500000000002,0.02349835345773875,0.028,0.4485137211855104,0.447,0.04203512623490669,0.047,0.17965532381997804,0.187,3.492457738748628,4.4985,30.0,30.0,971,971,0,0.0,0,230.979,60.0,83.90234375,28.0,126.984375,0.2059732234809475,False
B1,run-02,/workspace/video_pipeline/results/lwir-performance/20261009-final/B1/run-02,10.016913282107573,10.093,0.02333150384193194,0.027,0.4459209659714599,0.444,0.04233918770581778,0.046,0.17794731064763994,0.186,3.4402096597145992,4.48,30.0,30.032258064516128,971,971,0,0.0,0,230.006,59.0,83.62890625,18.0,120.76171875,0.2059732234809475,False
B1,run-03,/workspace/video_pipeline/results/lwir-performance/20261009-final/B1/run-03,10.07477497255763,10.112,0.02344676180021954,0.028,0.453430296377607,0.46,0.04053238199780461,0.045,0.177397365532382,0.187,3.4941163556531283,4.556,30.0,30.0,971,971,0,0.0,0,225.624,60.0,83.81640625,13.0,120.81640625,0.2059732234809475,False
B0,run-01,/workspace/video_pipeline/results/lwir-performance/20261009-validation2/B0/run-01,13.511339187705818,21.930999999999997,0.7851492864983534,4.1315,0.4594215148188804,0.611,0.24873435784851813,1.8175,1.0348638858397365,4.3985,1633.5987618002196,1704.9545,30.0,30.032258064516128,971,969,2,0.2059732234809475,0,52.06,283.0,177.22265625,12.0,123.48828125,0.0,False
B0,run-01,/workspace/video_pipeline/results/lwir-performance/20261009-validation4/B0/run-01,13.352003293084522,22.098,0.7858353457738748,4.0695,0.46110976948408344,0.625,0.18245554335894623,0.0815,0.8890252469813392,3.5705,1633.5464313940727,1705.6680000000001,30.0,30.0,971,969,2,0.2059732234809475,0,52.41,282.0,177.37890625,15.0,123.2890625,100.0,True
