condition,runs,stage,mean_ms,p95_ms
B0,3,capture_processing,13.454720819612149,22.188
B0,3,preprocess_queue_wait,0.8229754848152213,4.477666666666667
B0,3,preprocess_processing,0.4623765093304062,0.6203333333333333
B0,3,streaming_queue_wait,0.22595865349432862,1.1646666666666665
B0,3,streaming_submit,0.9632473472374681,4.036333333333334
B0,3,encoding,1633.6384094401758,1705.281
Q1,3,capture_processing,13.104519941456276,21.419
Q1,3,preprocess_queue_wait,0.7354043175997073,4.222166666666667
Q1,3,preprocess_processing,0.46021222100256126,0.5303333333333333
Q1,3,streaming_queue_wait,0.24530186608122942,1.5995
Q1,3,streaming_submit,0.9201796560556166,3.9765
Q1,3,encoding,1633.2727464324917,1705.5855000000001
E1,3,capture_processing,13.656086351994146,19.876500000000004
E1,3,preprocess_queue_wait,0.7553541895353092,4.035166666666666
E1,3,preprocess_processing,0.47518477863154046,0.6288333333333334
E1,3,streaming_queue_wait,0.24235492133186975,1.5659999999999998
E1,3,streaming_submit,0.3382396633735822,0.5398333333333334
E1,3,encoding,33.99027844859129,42.82816666666667
E2,3,capture_processing,10.093586534943286,10.1235
E2,3,preprocess_queue_wait,0.03094621295279912,0.038
E2,3,preprocess_processing,0.45396963044273697,0.4585000000000001
E2,3,streaming_queue_wait,0.04096414196853274,0.046000000000000006
E2,3,streaming_submit,0.17917855836077567,0.18699999999999997
E2,3,encoding,200.89612916209293,200.9863333333333
B1,3,capture_processing,10.051701427003294,10.103166666666667
B1,3,preprocess_queue_wait,0.023425539699963412,0.02766666666666667
B1,3,preprocess_processing,0.4492883278448591,0.4503333333333333
B1,3,streaming_queue_wait,0.04163556531284302,0.046000000000000006
B1,3,streaming_submit,0.17833333333333332,0.18666666666666668
B1,3,encoding,3.4755945847054517,4.511500000000001
