frame_id,queue_wait_ms,processing_ms,e2e_ms
1,,27.539,
2,,10.745,
3,,10.805,
4,,10.666,
5,,9.948,
6,,10.097,
7,,9.963,
8,,10.039,
9,,10.423,
10,,9.876,
11,,9.890,
12,,9.917,
13,,10.007,
14,,9.953,
15,,9.949,
16,,9.903,
17,,9.927,
18,,9.953,
19,,9.935,
20,,9.793,
21,,9.936,
22,,9.979,
23,,9.974,
24,,9.869,
25,,10.001,
26,,9.923,
27,,9.969,
28,,9.981,
29,,9.892,
30,,10.029,
31,,9.949,
32,,9.959,
33,,9.984,
34,,10.195,
35,,10.026,
36,,9.977,
37,,10.008,
38,,9.961,
39,,9.968,
40,,10.100,
41,,9.771,
42,,9.991,
43,,10.075,
44,,10.053,
45,,9.897,
46,,9.938,
47,,9.861,
48,,9.879,
49,,9.873,
50,,9.913,
51,,9.871,
52,,9.979,
53,,9.834,
54,,9.926,
55,,9.847,
56,,9.910,
57,,9.934,
58,,9.848,
59,,9.942,
60,,9.956,
61,,9.998,
62,,9.970,
63,,9.930,
64,,10.011,
65,,9.874,
66,,9.932,
67,,10.025,
68,,10.017,
69,,9.953,
70,,9.925,
71,,9.964,
72,,9.939,
73,,9.966,
74,,9.949,
75,,9.927,
76,,10.051,
77,,9.967,
78,,9.964,
79,,10.076,
80,,9.938,
81,,9.990,
82,,10.039,
83,,9.830,
84,,9.946,
85,,9.997,
86,,9.926,
87,,10.014,
88,,19.875,
89,,19.864,
90,,19.602,
91,,10.477,
92,,9.987,
93,,10.052,
94,,9.942,
95,,9.998,
96,,9.969,
97,,10.037,
98,,9.840,
99,,9.826,
100,,9.981,
101,,9.934,
102,,10.005,
103,,9.836,
104,,9.836,
105,,9.871,
106,,9.957,
107,,9.931,
108,,9.865,
109,,9.987,
110,,9.975,
111,,9.707,
112,,9.783,
113,,9.944,
114,,9.976,
115,,10.053,
116,,10.018,
117,,9.961,
118,,10.077,
119,,9.936,
120,,9.946,
121,,9.934,
122,,9.961,
123,,9.755,
124,,9.997,
125,,9.947,
126,,10.017,
127,,9.962,
128,,9.920,
129,,9.961,
130,,10.001,
131,,9.932,
132,,9.998,
133,,9.798,
134,,9.809,
135,,10.052,
136,,10.030,
137,,10.052,
138,,10.004,
139,,10.075,
140,,10.065,
141,,9.956,
142,,9.988,
143,,9.990,
144,,10.001,
145,,9.980,
146,,9.988,
147,,10.155,
148,,9.995,
149,,9.756,
150,,9.766,
151,,10.098,
152,,9.960,
153,,10.074,
154,,10.013,
155,,9.978,
156,,10.018,
157,,9.986,
158,,9.706,
159,,10.026,
160,,10.022,
161,,10.006,
162,,10.012,
163,,9.945,
164,,9.987,
165,,9.968,
166,,10.014,
167,,9.955,
168,,10.075,
169,,10.015,
170,,10.090,
171,,10.001,
172,,9.970,
173,,10.093,
174,,10.047,
175,,10.117,
176,,9.985,
177,,10.128,
178,,10.076,
179,,9.993,
180,,9.612,
181,,10.012,
182,,9.952,
183,,10.036,
184,,10.075,
185,,10.034,
186,,10.015,
187,,9.988,
188,,10.032,
189,,9.966,
190,,10.051,
191,,10.088,
192,,9.972,
193,,9.638,
194,,10.103,
195,,9.951,
196,,9.953,
197,,10.007,
198,,10.063,
199,,10.015,
200,,10.001,
201,,10.033,
202,,9.623,
203,,10.124,
204,,9.973,
205,,10.104,
206,,10.050,
207,,9.989,
208,,10.014,
209,,10.091,
210,,10.071,
211,,10.021,
212,,10.040,
213,,10.059,
214,,10.066,
215,,10.004,
216,,10.032,
217,,10.043,
218,,9.990,
219,,10.043,
220,,10.112,
221,,9.987,
222,,10.120,
223,,9.955,
224,,10.063,
225,,9.990,
226,,9.704,
227,,9.975,
228,,10.226,
229,,10.205,
230,,10.086,
231,,10.005,
232,,10.119,
233,,10.063,
234,,10.136,
235,,10.110,
236,,9.827,
237,,10.038,
238,,10.186,
239,,10.010,
240,,9.984,
241,,17.943,
242,,17.861,
243,,17.815,
244,,10.554,
245,,10.079,
246,,10.123,
247,,10.130,
248,,10.104,
249,,10.084,
250,,10.088,
251,,10.034,
252,,10.012,
253,,10.111,
254,,10.141,
255,,10.104,
256,,9.881,
257,,10.052,
258,,9.977,
259,,10.006,
260,,9.964,
261,,9.958,
262,,10.134,
263,,10.001,
264,,9.990,
265,,10.023,
266,,9.993,
267,,9.972,
268,,10.005,
269,,9.616,
270,,10.060,
271,,10.095,
272,,10.045,
273,,10.188,
274,,10.002,
275,,10.026,
276,,10.031,
277,,10.019,
278,,10.074,
279,,10.072,
280,,10.072,
281,,9.946,
282,,9.786,
283,,9.961,
284,,9.662,
285,,9.906,
286,,9.965,
287,,9.925,
288,,9.996,
289,,9.985,
290,,10.075,
291,,9.996,
292,,10.032,
293,,10.055,
294,,9.693,
295,,9.928,
296,,10.006,
297,,9.913,
298,,10.042,
299,,9.866,
300,,10.038,
301,,9.916,
302,,10.046,
303,,10.065,
304,,10.153,
305,,10.035,
306,,9.522,
307,,10.140,
308,,10.090,
309,,9.979,
310,,9.976,
311,,9.946,
312,,9.974,
313,,9.960,
314,,9.957,
315,,9.952,
316,,9.985,
317,,9.915,
318,,9.826,
319,,9.863,
320,,9.987,
321,,9.939,
322,,9.921,
323,,9.914,
324,,9.944,
325,,10.046,
326,,9.948,
327,,9.825,
328,,10.026,
329,,9.956,
330,,10.050,
331,,10.013,
332,,9.640,
333,,9.998,
334,,10.048,
335,,9.973,
336,,9.989,
337,,10.069,
338,,9.920,
339,,9.897,
340,,9.998,
341,,9.900,
342,,9.911,
343,,9.824,
344,,9.941,
345,,9.923,
346,,9.839,
347,,9.908,
348,,9.838,
349,,9.783,
350,,9.837,
351,,10.031,
352,,9.954,
353,,9.839,
354,,9.970,
355,,9.886,
356,,9.882,
357,,9.864,
358,,9.968,
359,,9.883,
360,,9.833,
361,,9.953,
362,,9.921,
363,,9.947,
364,,9.991,
365,,9.899,
366,,9.815,
367,,9.974,
368,,9.958,
369,,9.859,
370,,9.855,
371,,9.968,
372,,9.933,
373,,9.942,
374,,9.895,
375,,9.899,
376,,10.006,
377,,9.981,
378,,9.888,
379,,9.907,
380,,9.838,
381,,9.823,
382,,9.869,
383,,9.817,
384,,9.851,
385,,9.833,
386,,9.896,
387,,9.851,
388,,9.923,
389,,9.951,
390,,9.999,
391,,9.944,
392,,9.904,
393,,9.782,
394,,17.175,
395,,17.637,
396,,17.408,
397,,10.161,
398,,10.054,
399,,9.845,
400,,9.864,
401,,9.841,
402,,9.890,
403,,9.842,
404,,9.887,
405,,9.944,
406,,9.952,
407,,9.824,
408,,9.911,
409,,9.908,
410,,9.930,
411,,9.898,
412,,9.937,
413,,9.798,
414,,9.866,
415,,9.956,
416,,9.884,
417,,9.957,
418,,9.901,
419,,9.922,
420,,9.926,
421,,9.892,
422,,9.914,
423,,9.969,
424,,9.953,
425,,9.941,
426,,9.932,
427,,9.972,
428,,9.988,
429,,9.930,
430,,9.930,
431,,9.991,
432,,9.766,
433,,9.908,
434,,9.756,
435,,9.873,
436,,9.912,
437,,9.880,
438,,9.774,
439,,9.980,
440,,9.884,
441,,9.855,
442,,9.886,
443,,9.890,
444,,9.943,
445,,9.917,
446,,9.833,
447,,10.042,
448,,10.055,
449,,9.968,
450,,9.956,
451,,9.961,
452,,9.873,
453,,9.943,
454,,9.897,
455,,9.923,
456,,9.961,
457,,9.913,
458,,9.955,
459,,9.978,
460,,9.954,
461,,9.807,
462,,9.828,
463,,9.892,
464,,9.937,
465,,9.996,
466,,9.825,
467,,9.913,
468,,10.021,
469,,9.894,
470,,9.768,
471,,9.821,
472,,9.900,
473,,9.925,
474,,9.969,
475,,10.075,
476,,9.915,
477,,9.994,
478,,10.011,
479,,10.003,
480,,9.928,
481,,10.005,
482,,9.935,
483,,9.941,
484,,9.986,
485,,9.960,
486,,9.936,
487,,10.039,
488,,9.926,
489,,9.925,
490,,9.932,
491,,9.964,
492,,9.921,
493,,9.865,
494,,9.885,
495,,9.841,
496,,9.845,
497,,9.838,
498,,10.019,
499,,9.942,
500,,9.978,
501,,9.871,
502,,9.900,
503,,9.915,
504,,9.953,
505,,9.915,
506,,9.986,
507,,9.902,
508,,9.949,
509,,9.922,
510,,10.038,
511,,9.972,
512,,9.952,
513,,9.938,
514,,9.974,
515,,9.884,
516,,9.980,
517,,9.927,
518,,9.986,
519,,9.993,
520,,9.903,
521,,9.898,
522,,10.002,
523,,9.789,
524,,9.915,
525,,9.888,
526,,9.845,
527,,9.763,
528,,9.883,
529,,9.810,
530,,9.823,
531,,9.782,
532,,9.843,
533,,9.823,
534,,9.815,
535,,9.817,
536,,9.945,
537,,9.962,
538,,9.901,
539,,10.013,
540,,10.020,
541,,9.930,
542,,9.807,
543,,9.854,
544,,9.883,
545,,9.968,
546,,9.817,
547,,17.657,
548,,17.502,
549,,17.548,
550,,10.431,
551,,9.885,
552,,9.882,
553,,9.948,
554,,9.888,
555,,9.941,
556,,9.843,
557,,9.881,
558,,9.952,
559,,9.935,
560,,9.816,
561,,9.882,
562,,9.881,
563,,9.819,
564,,9.916,
565,,9.904,
566,,9.947,
567,,9.999,
568,,9.971,
569,,10.001,
570,,9.932,
571,,10.005,
572,,9.922,
573,,9.895,
574,,9.940,
575,,9.619,
576,,9.921,
577,,10.031,
578,,9.810,
579,,9.793,
580,,9.725,
581,,9.823,
582,,10.032,
583,,9.887,
584,,9.947,
585,,9.927,
586,,9.923,
587,,9.875,
588,,9.897,
589,,9.881,
590,,9.771,
591,,9.842,
592,,9.964,
593,,9.904,
594,,9.800,
595,,9.965,
596,,9.851,
597,,9.928,
598,,9.982,
599,,9.964,
600,,9.950,
601,,9.949,
602,,9.886,
603,,9.994,
604,,10.096,
605,,9.874,
606,,9.883,
607,,9.937,
608,,10.005,
609,,9.930,
610,,9.918,
611,,9.975,
612,,9.883,
613,,9.965,
614,,9.825,
615,,9.881,
616,,9.884,
617,,9.897,
618,,9.790,
619,,9.873,
620,,9.887,
621,,9.932,
622,,9.915,
623,,9.741,
624,,9.996,
625,,9.944,
626,,9.904,
627,,10.026,
628,,10.062,
629,,9.852,
630,,9.995,
631,,9.935,
632,,9.937,
633,,9.907,
634,,9.773,
635,,9.900,
636,,9.888,
637,,9.889,
638,,9.709,
639,,9.914,
640,,9.892,
641,,9.938,
642,,9.956,
643,,9.914,
644,,9.917,
645,,9.944,
646,,9.876,
647,,9.783,
648,,9.918,
649,,9.924,
650,,9.921,
651,,9.820,
652,,9.851,
653,,9.822,
654,,9.886,
655,,9.900,
656,,9.896,
657,,9.927,
658,,9.824,
659,,9.768,
660,,9.837,
661,,9.871,
662,,9.898,
663,,9.945,
664,,9.966,
665,,9.881,
666,,9.868,
667,,9.893,
668,,9.862,
669,,9.925,
670,,9.935,
671,,9.817,
672,,9.911,
673,,9.977,
674,,10.003,
675,,9.871,
676,,9.907,
677,,9.869,
678,,9.916,
679,,9.880,
680,,9.899,
681,,9.890,
682,,9.932,
683,,9.923,
684,,9.860,
685,,9.633,
686,,9.954,
687,,9.929,
688,,9.979,
689,,9.870,
690,,9.996,
691,,9.937,
692,,9.820,
693,,9.936,
694,,9.940,
695,,9.879,
696,,9.874,
697,,9.855,
698,,9.974,
699,,9.951,
700,,16.884,
701,,17.372,
702,,17.491,
703,,10.322,
704,,9.884,
705,,9.803,
706,,9.994,
707,,9.908,
708,,9.933,
709,,10.007,
710,,9.843,
711,,9.958,
712,,9.879,
713,,9.927,
714,,9.709,
715,,9.995,
716,,9.972,
717,,9.889,
718,,9.961,
719,,9.817,
720,,9.868,
721,,9.916,
722,,10.007,
723,,9.919,
724,,10.045,
725,,9.964,
726,,9.842,
727,,9.895,
728,,9.828,
729,,10.034,
730,,9.864,
731,,9.996,
732,,10.003,
733,,9.922,
734,,9.933,
735,,10.013,
736,,9.989,
737,,9.792,
738,,10.034,
739,,9.933,
740,,9.939,
741,,9.903,
742,,9.965,
743,,9.969,
744,,9.985,
745,,9.825,
746,,9.864,
747,,9.838,
748,,9.968,
749,,9.908,
750,,9.993,
751,,9.845,
752,,9.913,
753,,9.895,
754,,9.967,
755,,9.924,
756,,10.033,
757,,9.979,
758,,9.971,
759,,9.978,
760,,9.998,
761,,9.936,
762,,9.990,
763,,10.003,
764,,9.966,
765,,9.971,
766,,9.977,
767,,9.920,
768,,9.952,
769,,9.984,
770,,9.991,
771,,9.949,
772,,9.926,
773,,9.952,
774,,9.914,
775,,9.974,
776,,10.005,
777,,10.093,
778,,9.972,
779,,10.112,
780,,9.988,
781,,10.169,
782,,9.972,
783,,9.893,
784,,9.918,
785,,9.933,
786,,9.922,
787,,10.021,
788,,9.857,
789,,9.876,
790,,9.851,
791,,9.797,
792,,9.943,
793,,9.855,
794,,9.812,
795,,9.706,
796,,9.851,
797,,9.762,
798,,9.799,
799,,9.964,
800,,9.843,
801,,9.827,
802,,9.862,
803,,9.876,
804,,9.848,
805,,9.903,
806,,9.969,
807,,9.881,
808,,9.905,
809,,9.906,
810,,9.893,
811,,9.861,
812,,9.796,
813,,9.836,
814,,9.855,
815,,9.796,
816,,9.829,
817,,9.924,
818,,9.819,
819,,9.941,
820,,9.840,
821,,9.886,
822,,9.836,
823,,9.927,
824,,9.811,
825,,9.824,
826,,9.867,
827,,9.925,
828,,9.889,
829,,9.878,
830,,9.790,
831,,9.776,
832,,9.850,
833,,9.830,
834,,9.853,
835,,9.880,
836,,9.798,
837,,9.950,
838,,9.834,
839,,9.729,
840,,9.733,
841,,9.877,
842,,9.765,
843,,9.899,
844,,9.901,
845,,9.873,
846,,9.865,
847,,9.766,
848,,9.243,
849,,9.825,
850,,9.858,
851,,9.771,
852,,9.757,
853,,17.470,
854,,16.348,
855,,17.240,
856,,9.663,
857,,9.221,
858,,9.817,
859,,9.843,
860,,9.297,
861,,9.176,
862,,9.832,
863,,9.291,
864,,9.323,
865,,9.629,
866,,9.896,
867,,9.582,
868,,9.816,
869,,9.290,
870,,9.218,
871,,9.622,
872,,9.680,
873,,9.881,
874,,9.673,
875,,9.334,
876,,9.815,
877,,9.206,
878,,9.638,
879,,9.306,
880,,9.868,
881,,9.807,
882,,9.641,
883,,9.696,
884,,9.702,
885,,9.701,
886,,9.298,
887,,9.885,
888,,9.814,
889,,9.686,
890,,9.772,
891,,9.652,
892,,9.852,
893,,9.828,
894,,9.871,
895,,9.427,
896,,9.703,
897,,9.766,
898,,9.894,
899,,9.637,
900,,9.818,
901,,9.853,
902,,9.825,
903,,9.793,
904,,10.022,
905,,9.859,
906,,9.895,
907,,9.915,
908,,9.930,
909,,9.825,
910,,9.980,
911,,9.943,
912,,9.878,
913,,9.903,
914,,9.887,
915,,9.908,
916,,10.015,
917,,9.897,
918,,10.005,
919,,10.116,
920,,10.008,
921,,10.143,
922,,10.053,
923,,10.090,
924,,10.062,
925,,10.055,
926,,9.678,
927,,9.993,
928,,10.026,
929,,10.056,
930,,10.079,
931,,10.130,
932,,9.871,
933,,10.005,
934,,9.985,
935,,9.703,
936,,10.105,
937,,10.192,
938,,9.921,
939,,10.030,
940,,10.000,
941,,9.942,
942,,10.045,
943,,10.043,
944,,10.029,
945,,9.947,
946,,10.012,
947,,10.048,
948,,10.053,
949,,9.985,
950,,10.085,
951,,10.102,
952,,10.037,
953,,10.145,
954,,10.050,
955,,10.068,
956,,9.989,
957,,10.165,
958,,10.062,
959,,10.058,
960,,10.032,
961,,10.054,
962,,10.040,
963,,10.012,
964,,10.089,
965,,9.999,
966,,10.104,
967,,9.626,
968,,10.111,
969,,9.960,
970,,9.446,
971,,10.142,
